-- phpMyAdmin SQL Dump
-- version 4.0.4
-- http://www.phpmyadmin.net
--
-- Host: localhost
-- Generation Time: Sep 02, 2018 at 09:52 AM
-- Server version: 5.6.12-log
-- PHP Version: 5.4.12

SET SQL_MODE = "NO_AUTO_VALUE_ON_ZERO";
SET time_zone = "+00:00";


/*!40101 SET @OLD_CHARACTER_SET_CLIENT=@@CHARACTER_SET_CLIENT */;
/*!40101 SET @OLD_CHARACTER_SET_RESULTS=@@CHARACTER_SET_RESULTS */;
/*!40101 SET @OLD_COLLATION_CONNECTION=@@COLLATION_CONNECTION */;
/*!40101 SET NAMES utf8 */;

--
-- Database: `studentassessment`
--
CREATE DATABASE IF NOT EXISTS `studentassessment` DEFAULT CHARACTER SET latin1 COLLATE latin1_swedish_ci;
USE `studentassessment`;

-- --------------------------------------------------------

--
-- Table structure for table `activity_log`
--

CREATE TABLE IF NOT EXISTS `activity_log` (
  `activity_log_id` int(11) NOT NULL AUTO_INCREMENT,
  `username` varchar(100) NOT NULL,
  `date` varchar(100) NOT NULL,
  `action` varchar(100) NOT NULL,
  PRIMARY KEY (`activity_log_id`)
) ENGINE=InnoDB  DEFAULT CHARSET=latin1 AUTO_INCREMENT=12 ;

-- --------------------------------------------------------

--
-- Table structure for table `answer`
--

CREATE TABLE IF NOT EXISTS `answer` (
  `answer_id` int(11) NOT NULL AUTO_INCREMENT,
  `quiz_question_id` int(11) NOT NULL,
  `answer_text` varchar(100) NOT NULL,
  `choices` varchar(3) NOT NULL,
  PRIMARY KEY (`answer_id`)
) ENGINE=InnoDB  DEFAULT CHARSET=latin1 AUTO_INCREMENT=93 ;

--
-- Dumping data for table `answer`
--

INSERT INTO `answer` (`answer_id`, `quiz_question_id`, `answer_text`, `choices`) VALUES
(81, 32, 'john', 'A'),
(82, 32, 'smith', 'B'),
(83, 32, 'kevin', 'C'),
(84, 32, 'lorayna', 'D'),
(85, 34, 'Peso', 'A'),
(86, 34, 'PHP Hypertext', 'B'),
(87, 34, 'PHP Hypertext Preprosesor', 'C'),
(88, 34, 'Philippines', 'D'),
(89, 36, 'One thousand and one', 'A'),
(90, 36, 'One thousands and ones', 'B'),
(91, 36, 'One thousand and one hundred', 'C'),
(92, 36, 'One and One thousand', 'D');

-- --------------------------------------------------------

--
-- Table structure for table `assignment`
--

CREATE TABLE IF NOT EXISTS `assignment` (
  `assignment_id` int(11) NOT NULL AUTO_INCREMENT,
  `floc` varchar(300) NOT NULL,
  `fdatein` varchar(100) NOT NULL,
  `fdesc` varchar(100) NOT NULL,
  `teacher_id` int(11) NOT NULL,
  `class_id` int(11) NOT NULL,
  `fname` varchar(100) NOT NULL,
  PRIMARY KEY (`assignment_id`)
) ENGINE=InnoDB  DEFAULT CHARSET=latin1 AUTO_INCREMENT=31 ;

--
-- Dumping data for table `assignment`
--

INSERT INTO `assignment` (`assignment_id`, `floc`, `fdatein`, `fdesc`, `teacher_id`, `class_id`, `fname`) VALUES
(2, 'uploads/6843_File_Doc3.docx', '2013-10-11 01:24:32', 'fasfasf', 13, 36, 'Assignment number 1'),
(3, 'uploads/3617_File_login.mdb', '2013-10-28 19:35:28', 'q', 9, 80, 'q'),
(4, 'admin/uploads/7146_File_normalization.ppt', '2013-10-30 18:48:15', 'fsaf', 9, 95, 'fsaf'),
(5, 'admin/uploads/7784_File_ABSTRACT.docx', '2013-10-30 18:48:33', 'fsaf', 9, 95, 'dsaf'),
(6, 'admin/uploads/4536_File_ABSTRACT.docx', '2013-10-30 18:53:32', 'file', 9, 95, 'abstract'),
(10, 'admin/uploads/2209_File_598378_543547629007198_436971088_n.jpg', '2013-11-01 13:13:18', 'fsafasf', 9, 95, 'Assignment#2'),
(11, 'admin/uploads/1511_File_bootstrap.css', '2013-11-01 13:18:25', 'sdsa', 9, 95, 'css'),
(12, 'admin/uploads/4309_File_new  2.txt', '2013-11-17 23:21:46', 'test', 12, 145, 'test'),
(13, 'admin/uploads/5901_File_IS 112-Personal Productivity Using IS.doc', '2013-11-18 16:59:35', 'q', 12, 145, 'q'),
(15, 'admin/uploads/7077_File_win_boot_screen_16_9_by_medi_dadu-d4s7dc1.gif', '2013-11-25 10:38:45', 'afs', 18, 159, 'dasf'),
(16, 'admin/uploads/8470_File_win_boot_screen_16_9_by_medi_dadu-d4s7dc1.gif', '2013-11-25 10:39:19', 'test', 18, 160, 'assign1'),
(17, 'admin/uploads/2840_File_IMG_0698.jpg', '2013-11-25 15:53:20', 'q', 12, 161, 'q'),
(19, '', '2013-12-07 20:11:39', 'kevin test', 12, 162, ''),
(20, '', '2013-12-07 20:26:43', 'dasddsd', 12, 145, ''),
(21, '', '2013-12-07 20:26:43', 'dasddsd', 12, 162, ''),
(22, '', '2013-12-07 20:27:18', 'dasffsafsaf', 12, 162, ''),
(23, '', '2013-12-07 20:33:11', 'test', 12, 162, ''),
(24, 'admin/uploads/7053_File_win_boot_screen_16_9_by_medi_dadu-d4s7dc1.gif', '2013-12-07 20:39:05', 'kevin', 12, 0, 'kevin'),
(25, 'admin/uploads/2417_File_win_boot_screen_16_9_by_medi_dadu-d4s7dc1.gif', '2013-12-07 20:41:10', 'kevin', 12, 0, 'kevin'),
(26, 'admin/uploads/8095_File_win_boot_screen_16_9_by_medi_dadu-d4s7dc1.gif', '2013-12-07 20:43:25', 'kevin', 12, 0, 'kevin'),
(27, 'admin/uploads/4089_File_win_boot_screen_16_9_by_medi_dadu-d4s7dc1.gif', '2013-12-07 20:47:48', 'fasfafaf', 12, 0, 'fasf'),
(28, 'admin/uploads/2948_File_win_boot_screen_16_9_by_medi_dadu-d4s7dc1.gif', '2013-12-07 20:48:59', 'dasdasd', 12, 0, 'dasd'),
(29, 'admin/uploads/5971_File_win_boot_screen_16_9_by_medi_dadu-d4s7dc1.gif', '2013-12-07 20:50:47', 'dasdasd', 12, 0, 'dsad'),
(30, 'admin/uploads/6926_File_Resume.docx', '2014-02-13 11:27:59', 'q', 12, 167, 'q');

-- --------------------------------------------------------

--
-- Table structure for table `class`
--

CREATE TABLE IF NOT EXISTS `class` (
  `class_id` int(11) NOT NULL AUTO_INCREMENT,
  `class_name` varchar(100) NOT NULL,
  PRIMARY KEY (`class_id`)
) ENGINE=InnoDB  DEFAULT CHARSET=latin1 AUTO_INCREMENT=27 ;

--
-- Dumping data for table `class`
--

INSERT INTO `class` (`class_id`, `class_name`) VALUES
(24, 'Class Four'),
(25, 'Class Five'),
(26, 'Class Six');

-- --------------------------------------------------------

--
-- Table structure for table `class_quiz`
--

CREATE TABLE IF NOT EXISTS `class_quiz` (
  `class_quiz_id` int(11) NOT NULL AUTO_INCREMENT,
  `teacher_class_id` int(11) NOT NULL,
  `quiz_time` int(11) NOT NULL,
  `quiz_id` int(11) NOT NULL,
  PRIMARY KEY (`class_quiz_id`)
) ENGINE=InnoDB  DEFAULT CHARSET=latin1 AUTO_INCREMENT=18 ;

--
-- Dumping data for table `class_quiz`
--

INSERT INTO `class_quiz` (`class_quiz_id`, `teacher_class_id`, `quiz_time`, `quiz_id`) VALUES
(13, 167, 3600, 3),
(14, 167, 3600, 3),
(15, 167, 1800, 3),
(16, 185, 900, 0),
(17, 187, 60, 6);

-- --------------------------------------------------------

--
-- Table structure for table `class_subject_overview`
--

CREATE TABLE IF NOT EXISTS `class_subject_overview` (
  `class_subject_overview_id` int(11) NOT NULL AUTO_INCREMENT,
  `teacher_class_id` int(11) NOT NULL,
  `content` varchar(10000) NOT NULL,
  PRIMARY KEY (`class_subject_overview_id`)
) ENGINE=InnoDB  DEFAULT CHARSET=latin1 AUTO_INCREMENT=2 ;

--
-- Dumping data for table `class_subject_overview`
--

INSERT INTO `class_subject_overview` (`class_subject_overview_id`, `teacher_class_id`, `content`) VALUES
(1, 167, '<p>Chapter&nbsp; 1</p>\r\n\r\n<p>Cha</p>\r\n');

-- --------------------------------------------------------

--
-- Table structure for table `content`
--

CREATE TABLE IF NOT EXISTS `content` (
  `content_id` int(11) NOT NULL AUTO_INCREMENT,
  `title` varchar(100) NOT NULL,
  `content` mediumtext NOT NULL,
  PRIMARY KEY (`content_id`)
) ENGINE=InnoDB  DEFAULT CHARSET=latin1 AUTO_INCREMENT=15 ;

--
-- Dumping data for table `content`
--

INSERT INTO `content` (`content_id`, `title`, `content`) VALUES
(1, 'Mission', '<pre>\r\n<span style="font-size:16px"><strong>Mission</strong></span></pre>\r\n\r\n<p style="text-align:left"><font face="arial, helvetica, sans-serif" size="4">Our Mission goes here</font></p>\r\n'),
(2, 'Vision', '<pre>\r\n<span style="font-size:large"><strong>Vision</strong></span></pre>\r\n\r\n<p>&nbsp;&nbsp;&nbsp;&nbsp;&nbsp;&nbsp;&nbsp;&nbsp;&nbsp;&nbsp;&nbsp;&nbsp;&nbsp;<span style="font-size:large">&nbsp; Driven by its passion for continous improvement and provide continous student assessment</span></p>\r\n'),
(3, 'History', '<pre>\r\nOur History goes here</pre>\r\n'),
(4, 'Footer', '<p style="text-align:center">Student Self Assessment&nbsp;System</p>\r\n\r\n<p style="text-align:center">All Rights Reserved &reg;2018</p>\r\n'),
(5, 'Upcoming Events', '<pre>\r\nUP COMING EVENTS</pre>\r\n\r\n<p><strong>&gt;</strong> EXAM</p>\r\n\r\n<p><strong>&gt;</strong> INTERCAMPUS MEET</p>\r\n\r\n<p><strong>&gt;</strong> DEFENSE</p>\r\n\r\n<p><strong>&gt;</strong> ENROLLMENT</p>\r\n\r\n<p>&nbsp;</p>\r\n'),
(6, 'Title', '<p><span style="font-family:trebuchet ms,geneva">Student Self Assessment System</span></p>\r\n'),
(7, 'News', '<pre>\r\n<font size="3"><strong><em>News and Blogs go here</em></strong></font></pre>\r\n'),
(8, 'Announcements', '<p>Science Quizes available soon</p>\r\n'),
(10, 'Calendar', '<pre style="text-align:center">\r\n<span style="font-size:medium"><strong>&nbsp;CALENDAR OF EVENT</strong></span></pre>\r\n'),
(11, 'Directories', '<div class="jsn-article-content" style="text-align: left;">\r\n<pre>\r\n<span style="font-size:medium"><em><strong>DIRECTORIES</strong></em></span></pre>\r\n\r\n<ul>\r\n	<li>Head of Sciences - 0712345678</li>\r\n	<li>Head of Mathematics - 070001101</li>\r\n</ul>\r\n</div>\r\n'),
(12, 'Message from Director', ''),
(13, 'motto', '<p>Motto goes here</p>\r\n'),
(14, 'Partners', '<ul>\r\n	<li><font face="monospace"><span style="font-size:16px; white-space:pre-wrap"><strong>Institutions we serve</strong></span></font><br />\r\n	&nbsp;</li>\r\n</ul>\r\n');

-- --------------------------------------------------------

--
-- Table structure for table `department`
--

CREATE TABLE IF NOT EXISTS `department` (
  `department_id` int(11) NOT NULL AUTO_INCREMENT,
  `department_name` varchar(100) NOT NULL,
  `dean` varchar(100) NOT NULL,
  PRIMARY KEY (`department_id`)
) ENGINE=InnoDB  DEFAULT CHARSET=latin1 AUTO_INCREMENT=11 ;

--
-- Dumping data for table `department`
--

INSERT INTO `department` (`department_id`, `department_name`, `dean`) VALUES
(10, 'Mathematics', 'Mr Odipo');

-- --------------------------------------------------------

--
-- Table structure for table `event`
--

CREATE TABLE IF NOT EXISTS `event` (
  `event_id` int(11) NOT NULL AUTO_INCREMENT,
  `event_title` varchar(100) NOT NULL,
  `teacher_class_id` int(11) NOT NULL,
  `date_start` varchar(100) NOT NULL,
  `date_end` varchar(100) NOT NULL,
  PRIMARY KEY (`event_id`)
) ENGINE=InnoDB  DEFAULT CHARSET=latin1 AUTO_INCREMENT=18 ;

--
-- Dumping data for table `event`
--

INSERT INTO `event` (`event_id`, `event_title`, `teacher_class_id`, `date_start`, `date_end`) VALUES
(12, ' 	  Orientation with the Parents of the College Freshmen', 0, '06/04/2013', '06/04/2013'),
(13, 'Start of Classes', 0, '11/04/2013', '11/04/2013'),
(14, 'Intercampus Sports and Cultural Fest/College Week', 0, '11/19/2013', '11/22/2013'),
(15, 'Long Test', 113, '12/05/2013', '12/06/2013'),
(16, 'Long Test', 0, '12/05/2013', '12/06/2013'),
(17, 'sdasf', 147, '11/16/2013', '11/16/2013');

-- --------------------------------------------------------

--
-- Table structure for table `files`
--

CREATE TABLE IF NOT EXISTS `files` (
  `file_id` int(11) NOT NULL AUTO_INCREMENT,
  `floc` varchar(500) NOT NULL,
  `fdatein` varchar(200) NOT NULL,
  `fdesc` varchar(100) NOT NULL,
  `teacher_id` int(11) NOT NULL,
  `class_id` int(11) NOT NULL,
  `fname` varchar(100) NOT NULL,
  `uploaded_by` varchar(100) NOT NULL,
  PRIMARY KEY (`file_id`)
) ENGINE=MyISAM  DEFAULT CHARSET=latin1 AUTO_INCREMENT=138 ;

-- --------------------------------------------------------

--
-- Table structure for table `message`
--

CREATE TABLE IF NOT EXISTS `message` (
  `message_id` int(11) NOT NULL AUTO_INCREMENT,
  `reciever_id` int(11) NOT NULL,
  `content` varchar(200) NOT NULL,
  `date_sended` varchar(100) NOT NULL,
  `sender_id` int(11) NOT NULL,
  `reciever_name` varchar(50) NOT NULL,
  `sender_name` varchar(200) NOT NULL,
  `message_status` varchar(100) NOT NULL,
  PRIMARY KEY (`message_id`)
) ENGINE=InnoDB  DEFAULT CHARSET=latin1 AUTO_INCREMENT=29 ;

--
-- Dumping data for table `message`
--

INSERT INTO `message` (`message_id`, `reciever_id`, `content`, `date_sended`, `sender_id`, `reciever_name`, `sender_name`, `message_status`) VALUES
(2, 11, 'fasf', '2013-11-13 13:15:47', 42, 'Aladin Cabrera', 'john kevin lorayna', ''),
(4, 71, 'bcjhbcjksdbckldj', '2013-11-25 15:59:13', 71, 'Noli Mendoza', 'Noli Mendoza', 'read'),
(17, 12, 'tst', '2013-12-01 23:38:40', 93, 'Ruby Mae  Morante', 'John Kevin  Lorayna', ''),
(19, 12, 'fasfaf', '2013-12-01 23:56:17', 93, 'Ruby Mae  Morante', 'John Kevin  Lorayna', ''),
(27, 93, 'fa', '2013-12-02 00:01:54', 12, 'John Kevin  Lorayna', 'Ruby Mae  Morante', ''),
(28, 136, 'Submit your classcard', '2014-02-13 13:35:21', 12, 'Jorgielyn Serfino', 'Ruby Mae  Morante', '');

-- --------------------------------------------------------

--
-- Table structure for table `message_sent`
--

CREATE TABLE IF NOT EXISTS `message_sent` (
  `message_sent_id` int(11) NOT NULL AUTO_INCREMENT,
  `reciever_id` int(11) NOT NULL,
  `content` varchar(200) NOT NULL,
  `date_sended` varchar(100) NOT NULL,
  `sender_id` int(11) NOT NULL,
  `reciever_name` varchar(100) NOT NULL,
  `sender_name` varchar(100) NOT NULL,
  PRIMARY KEY (`message_sent_id`)
) ENGINE=InnoDB  DEFAULT CHARSET=latin1 AUTO_INCREMENT=14 ;

--
-- Dumping data for table `message_sent`
--

INSERT INTO `message_sent` (`message_sent_id`, `reciever_id`, `content`, `date_sended`, `sender_id`, `reciever_name`, `sender_name`) VALUES
(1, 42, 'sad', '2013-11-12 22:50:05', 42, 'john kevin lorayna', 'john kevin lorayna'),
(2, 11, 'fasf', '2013-11-13 13:15:47', 42, 'Aladin Cabrera', 'john kevin lorayna'),
(3, 12, 'bjhkcbkjsdnckldvls', '2013-11-25 15:58:55', 71, 'Ruby Mae  Morante', 'Noli Mendoza'),
(4, 71, 'bcjhbcjksdbckldj', '2013-11-25 15:59:13', 71, 'Noli Mendoza', 'Noli Mendoza'),
(5, 12, 'test', '2013-11-30 20:54:05', 93, 'Ruby Mae  Morante', 'John Kevin  Lorayna'),
(11, 12, 'tst', '2013-12-01 23:38:40', 93, 'Ruby Mae  Morante', 'John Kevin  Lorayna'),
(12, 12, 'fasfasf', '2013-12-01 23:49:13', 93, 'Ruby Mae  Morante', 'John Kevin  Lorayna'),
(13, 136, 'Submit your classcard', '2014-02-13 13:35:21', 12, 'Jorgielyn Serfino', 'Ruby Mae  Morante');

-- --------------------------------------------------------

--
-- Table structure for table `notification`
--

CREATE TABLE IF NOT EXISTS `notification` (
  `notification_id` int(11) NOT NULL AUTO_INCREMENT,
  `teacher_class_id` int(11) NOT NULL,
  `notification` varchar(100) NOT NULL,
  `date_of_notification` varchar(50) NOT NULL,
  `link` varchar(100) NOT NULL,
  PRIMARY KEY (`notification_id`)
) ENGINE=InnoDB  DEFAULT CHARSET=latin1 AUTO_INCREMENT=16 ;

--
-- Dumping data for table `notification`
--

INSERT INTO `notification` (`notification_id`, `teacher_class_id`, `notification`, `date_of_notification`, `link`) VALUES
(2, 0, 'Add Downloadable Materials file name <b>sss</b>', '2014-01-17 14:35:32', 'downloadable_student.php'),
(3, 167, 'Add Annoucements', '2014-01-17 14:36:32', 'announcements_student.php'),
(4, 0, 'Add Downloadable Materials file name <b>test</b>', '2014-02-13 11:10:56', 'downloadable_student.php'),
(5, 167, 'Add Assignment file name <b>q</b>', '2014-02-13 11:27:59', 'assignment_student.php'),
(6, 0, 'Add Downloadable Materials file name <b>chapter 1</b>', '2014-02-13 12:35:42', 'downloadable_student.php'),
(7, 0, 'Add Downloadable Materials file name <b>q</b>', '2014-02-13 12:53:09', 'downloadable_student.php'),
(8, 0, 'Add Downloadable Materials file name <b>kevi</b>', '2014-02-13 13:31:18', 'downloadable_student.php'),
(9, 185, 'Add Practice Quiz file', '2014-02-13 13:33:27', 'student_quiz_list.php'),
(10, 167, 'Add Annoucements', '2014-02-13 13:45:59', 'announcements_student.php'),
(11, 0, 'Add Downloadable Materials file name <b>q</b>', '2014-02-21 16:43:38', 'downloadable_student.php'),
(12, 0, 'Add Downloadable Materials file name <b>q</b>', '2014-02-21 16:46:18', 'downloadable_student.php'),
(13, 0, 'Add Downloadable Materials file name <b>q</b>', '2014-02-21 16:46:49', 'downloadable_student.php'),
(14, 0, 'Add Downloadable Materials file name <b>q</b>', '2014-02-21 16:52:30', 'downloadable_student.php'),
(15, 187, 'Add Practice Quiz file', '2018-08-29 23:13:50', 'student_quiz_list.php');

-- --------------------------------------------------------

--
-- Table structure for table `notification_read`
--

CREATE TABLE IF NOT EXISTS `notification_read` (
  `notification_read_id` int(11) NOT NULL AUTO_INCREMENT,
  `student_id` int(11) NOT NULL,
  `student_read` varchar(50) NOT NULL,
  `notification_id` int(11) NOT NULL,
  PRIMARY KEY (`notification_read_id`)
) ENGINE=InnoDB DEFAULT CHARSET=latin1 AUTO_INCREMENT=1 ;

-- --------------------------------------------------------

--
-- Table structure for table `notification_read_teacher`
--

CREATE TABLE IF NOT EXISTS `notification_read_teacher` (
  `notification_read_teacher_id` int(11) NOT NULL AUTO_INCREMENT,
  `teacher_id` int(11) NOT NULL,
  `student_read` varchar(100) NOT NULL,
  `notification_id` int(11) NOT NULL,
  PRIMARY KEY (`notification_read_teacher_id`)
) ENGINE=InnoDB  DEFAULT CHARSET=latin1 AUTO_INCREMENT=9 ;

--
-- Dumping data for table `notification_read_teacher`
--

INSERT INTO `notification_read_teacher` (`notification_read_teacher_id`, `teacher_id`, `student_read`, `notification_id`) VALUES
(1, 12, 'yes', 14),
(2, 12, 'yes', 13),
(3, 12, 'yes', 12),
(4, 12, 'yes', 11),
(5, 12, 'yes', 10),
(6, 12, 'yes', 9),
(7, 12, 'yes', 8),
(8, 12, 'yes', 7);

-- --------------------------------------------------------

--
-- Table structure for table `question_type`
--

CREATE TABLE IF NOT EXISTS `question_type` (
  `question_type_id` int(11) NOT NULL,
  `question_type` varchar(150) NOT NULL,
  PRIMARY KEY (`question_type_id`)
) ENGINE=MyISAM DEFAULT CHARSET=latin1;

--
-- Dumping data for table `question_type`
--

INSERT INTO `question_type` (`question_type_id`, `question_type`) VALUES
(1, 'Multiple Choice'),
(2, 'True or False');

-- --------------------------------------------------------

--
-- Table structure for table `quiz`
--

CREATE TABLE IF NOT EXISTS `quiz` (
  `quiz_id` int(11) NOT NULL AUTO_INCREMENT,
  `quiz_title` varchar(50) NOT NULL,
  `quiz_description` varchar(100) NOT NULL,
  `date_added` varchar(100) NOT NULL,
  `teacher_id` int(11) NOT NULL,
  PRIMARY KEY (`quiz_id`)
) ENGINE=InnoDB  DEFAULT CHARSET=latin1 AUTO_INCREMENT=7 ;

--
-- Dumping data for table `quiz`
--

INSERT INTO `quiz` (`quiz_id`, `quiz_title`, `quiz_description`, `date_added`, `teacher_id`) VALUES
(3, 'Sample Test', 'Test', '2013-12-03 23:01:56', 12),
(4, 'Chapter 1', 'topics', '2013-12-13 01:51:02', 14),
(5, 'test3', '123', '2014-01-16 04:12:07', 12),
(6, 'Maths 1st Term', 'Maths class 5 term 1', '2018-08-29 23:08:34', 20);

-- --------------------------------------------------------

--
-- Table structure for table `quiz_question`
--

CREATE TABLE IF NOT EXISTS `quiz_question` (
  `quiz_question_id` int(11) NOT NULL AUTO_INCREMENT,
  `quiz_id` int(11) NOT NULL,
  `question_text` varchar(100) NOT NULL,
  `question_type_id` int(11) NOT NULL,
  `points` int(11) NOT NULL,
  `date_added` varchar(100) NOT NULL,
  `answer` varchar(100) NOT NULL,
  PRIMARY KEY (`quiz_question_id`)
) ENGINE=InnoDB  DEFAULT CHARSET=latin1 AUTO_INCREMENT=37 ;

--
-- Dumping data for table `quiz_question`
--

INSERT INTO `quiz_question` (`quiz_question_id`, `quiz_id`, `question_text`, `question_type_id`, `points`, `date_added`, `answer`) VALUES
(33, 5, '<p>q</p>\r\n', 2, 0, '2014-01-17 04:15:03', 'False'),
(34, 3, '<p>Php Stands for ?</p>\r\n', 1, 0, '2014-01-17 12:25:17', 'C'),
(35, 3, '<p>Echo is a Php code that display the output.</p>\r\n', 2, 0, '2014-01-17 12:26:18', 'True'),
(36, 6, '<p>What is 1001 in words?</p>\r\n', 1, 0, '2018-08-29 23:12:37', 'A');

-- --------------------------------------------------------

--
-- Table structure for table `school_year`
--

CREATE TABLE IF NOT EXISTS `school_year` (
  `school_year_id` int(11) NOT NULL AUTO_INCREMENT,
  `school_year` varchar(100) NOT NULL,
  PRIMARY KEY (`school_year_id`)
) ENGINE=InnoDB  DEFAULT CHARSET=latin1 AUTO_INCREMENT=4 ;

--
-- Dumping data for table `school_year`
--

INSERT INTO `school_year` (`school_year_id`, `school_year`) VALUES
(2, '2012-2013'),
(3, '2013-2014');

-- --------------------------------------------------------

--
-- Table structure for table `student`
--

CREATE TABLE IF NOT EXISTS `student` (
  `student_id` int(11) NOT NULL AUTO_INCREMENT,
  `firstname` varchar(100) NOT NULL,
  `lastname` varchar(100) NOT NULL,
  `class_id` int(11) NOT NULL,
  `username` varchar(100) NOT NULL,
  `password` varchar(100) NOT NULL,
  `location` varchar(100) NOT NULL,
  `status` varchar(100) NOT NULL,
  PRIMARY KEY (`student_id`)
) ENGINE=MyISAM  DEFAULT CHARSET=latin1 AUTO_INCREMENT=221 ;

--
-- Dumping data for table `student`
--

INSERT INTO `student` (`student_id`, `firstname`, `lastname`, `class_id`, `username`, `password`, `location`, `status`) VALUES
(220, 'Stephen', 'Odipo', 25, '101', 'steve', 'uploads/NO-IMAGE-AVAILABLE.jpg', 'Registered');

-- --------------------------------------------------------

--
-- Table structure for table `student_assignment`
--

CREATE TABLE IF NOT EXISTS `student_assignment` (
  `student_assignment_id` int(11) NOT NULL AUTO_INCREMENT,
  `assignment_id` int(11) NOT NULL,
  `floc` varchar(100) NOT NULL,
  `assignment_fdatein` varchar(50) NOT NULL,
  `fdesc` varchar(100) NOT NULL,
  `fname` varchar(50) NOT NULL,
  `student_id` int(11) NOT NULL,
  `grade` varchar(5) NOT NULL,
  PRIMARY KEY (`student_assignment_id`)
) ENGINE=InnoDB  DEFAULT CHARSET=latin1 AUTO_INCREMENT=36 ;

--
-- Dumping data for table `student_assignment`
--

INSERT INTO `student_assignment` (`student_assignment_id`, `assignment_id`, `floc`, `assignment_fdatein`, `fdesc`, `fname`, `student_id`, `grade`) VALUES
(21, 13, 'admin/uploads/1414_File_win_boot_screen_16_9_by_medi_dadu-d4s7dc1.gif', '2013-11-24 11:59:28', 'fasfasfasfsfsafasf', 'safas', 93, ''),
(22, 13, 'admin/uploads/5554_File_win_boot_screen_16_9_by_medi_dadu-d4s7dc1.gif', '2013-11-24 12:07:46', 'fasfaf', 'fdasf', 93, ''),
(23, 13, 'admin/uploads/3202_File_win_boot_screen_16_9_by_medi_dadu-d4s7dc1.gif', '2013-11-24 12:08:21', 'fasf', 'fasf', 93, ''),
(24, 13, 'admin/uploads/6535_File_win_boot_screen_16_9_by_medi_dadu-d4s7dc1.gif', '2013-11-24 12:09:19', 'fasf', 'saff', 93, ''),
(25, 12, 'admin/uploads/8974_File_win_boot_screen_16_9_by_medi_dadu-d4s7dc1.gif', '2013-11-24 12:24:38', 'fgs', 'gs', 93, ''),
(26, 13, 'admin/uploads/9035_File_win_boot_screen_16_9_by_medi_dadu-d4s7dc1.gif', '2013-11-24 12:51:44', 'q', 'q', 93, ''),
(27, 13, 'admin/uploads/4503_File_win_boot_screen_16_9_by_medi_dadu-d4s7dc1.gif', '2013-11-24 12:52:44', 'fasfaf', 'fasf', 93, ''),
(28, 13, 'admin/uploads/7827_File_win_boot_screen_16_9_by_medi_dadu-d4s7dc1.gif', '2013-11-24 12:54:20', 'ffsafsfafsaf', 'fsa', 93, ''),
(29, 13, 'admin/uploads/6680_File_win_boot_screen_16_9_by_medi_dadu-d4s7dc1.gif', '2013-11-24 13:02:49', 'jkl', 'jkl', 93, ''),
(30, 14, 'admin/uploads/1457_File_win_boot_screen_16_9_by_medi_dadu-d4s7dc1.gif', '2013-11-24 13:06:56', 'fasf', 'saf', 93, ''),
(31, 16, 'admin/uploads/7151_File_win_boot_screen_16_9_by_medi_dadu-d4s7dc1.gif', '2013-11-25 10:39:52', 'test', 'my_assginment', 93, ''),
(32, 17, 'admin/uploads/1918_File_win_boot_screen_16_9_by_medi_dadu-d4s7dc1.gif', '2013-11-25 15:54:19', 'q', 'q', 71, '95'),
(33, 31, 'admin/uploads/7519_File_win_boot_screen_16_9_by_medi_dadu-d4s7dc1.gif', '2013-12-07 20:58:58', 'dad', 'das', 75, ''),
(34, 20, 'admin/uploads/2416_File_about.php', '2014-01-14 08:51:53', 'Asssd', 'Assignment1', 136, ''),
(35, 20, 'admin/uploads/5560_File_Chrysanthemum.jpg', '2014-01-14 08:52:22', 'sder', 'sfew', 136, '98');

-- --------------------------------------------------------

--
-- Table structure for table `student_backpack`
--

CREATE TABLE IF NOT EXISTS `student_backpack` (
  `file_id` int(11) NOT NULL AUTO_INCREMENT,
  `floc` varchar(100) NOT NULL,
  `fdatein` varchar(100) NOT NULL,
  `fdesc` varchar(100) NOT NULL,
  `student_id` int(11) NOT NULL,
  `fname` varchar(100) NOT NULL,
  PRIMARY KEY (`file_id`)
) ENGINE=InnoDB  DEFAULT CHARSET=latin1 AUTO_INCREMENT=2 ;

--
-- Dumping data for table `student_backpack`
--

INSERT INTO `student_backpack` (`file_id`, `floc`, `fdatein`, `fdesc`, `student_id`, `fname`) VALUES
(1, 'admin/uploads/2658_File_kevin.docx', '2014-02-13 11:11:50', 'test', 210, 'test');

-- --------------------------------------------------------

--
-- Table structure for table `student_class_quiz`
--

CREATE TABLE IF NOT EXISTS `student_class_quiz` (
  `student_class_quiz_id` int(11) NOT NULL AUTO_INCREMENT,
  `class_quiz_id` int(11) NOT NULL,
  `student_id` int(11) NOT NULL,
  `student_quiz_time` varchar(100) NOT NULL,
  `grade` varchar(100) NOT NULL,
  PRIMARY KEY (`student_class_quiz_id`)
) ENGINE=InnoDB  DEFAULT CHARSET=latin1 AUTO_INCREMENT=4 ;

--
-- Dumping data for table `student_class_quiz`
--

INSERT INTO `student_class_quiz` (`student_class_quiz_id`, `class_quiz_id`, `student_id`, `student_quiz_time`, `grade`) VALUES
(1, 15, 107, '3600', '0 out of 2'),
(2, 16, 136, '3600', '0 out of 0'),
(3, 17, 220, '3600', '1 out of 1');

-- --------------------------------------------------------

--
-- Table structure for table `subject`
--

CREATE TABLE IF NOT EXISTS `subject` (
  `subject_id` int(11) NOT NULL AUTO_INCREMENT,
  `subject_code` varchar(100) NOT NULL,
  `subject_title` varchar(100) NOT NULL,
  `category` varchar(100) NOT NULL,
  `description` longtext NOT NULL,
  `unit` int(11) NOT NULL,
  `Pre_req` varchar(100) NOT NULL,
  `semester` varchar(100) NOT NULL,
  PRIMARY KEY (`subject_id`)
) ENGINE=MyISAM  DEFAULT CHARSET=latin1 AUTO_INCREMENT=43 ;

--
-- Dumping data for table `subject`
--

INSERT INTO `subject` (`subject_id`, `subject_code`, `subject_title`, `category`, `description`, `unit`, `Pre_req`, `semester`) VALUES
(42, 'M1', 'Mathematics', '', '', 2, '', '1st');

-- --------------------------------------------------------

--
-- Table structure for table `teacher`
--

CREATE TABLE IF NOT EXISTS `teacher` (
  `teacher_id` int(11) NOT NULL AUTO_INCREMENT,
  `username` varchar(100) NOT NULL,
  `password` varchar(200) NOT NULL,
  `firstname` varchar(100) NOT NULL,
  `lastname` varchar(100) NOT NULL,
  `department_id` int(11) NOT NULL,
  `location` varchar(200) NOT NULL,
  `about` varchar(500) NOT NULL,
  `teacher_status` varchar(20) NOT NULL,
  `teacher_stat` varchar(100) NOT NULL,
  PRIMARY KEY (`teacher_id`)
) ENGINE=MyISAM  DEFAULT CHARSET=latin1 AUTO_INCREMENT=21 ;

--
-- Dumping data for table `teacher`
--

INSERT INTO `teacher` (`teacher_id`, `username`, `password`, `firstname`, `lastname`, `department_id`, `location`, `about`, `teacher_status`, `teacher_stat`) VALUES
(20, 'rgatere', 'steve', 'Rose', 'Gatere', 10, 'uploads/jacky.jpg', '', 'Registered', '');

-- --------------------------------------------------------

--
-- Table structure for table `teacher_backpack`
--

CREATE TABLE IF NOT EXISTS `teacher_backpack` (
  `file_id` int(11) NOT NULL AUTO_INCREMENT,
  `floc` varchar(100) NOT NULL,
  `fdatein` varchar(100) NOT NULL,
  `fdesc` varchar(100) NOT NULL,
  `teacher_id` int(11) NOT NULL,
  `fname` varchar(100) NOT NULL,
  PRIMARY KEY (`file_id`)
) ENGINE=InnoDB DEFAULT CHARSET=latin1 AUTO_INCREMENT=1 ;

-- --------------------------------------------------------

--
-- Table structure for table `teacher_class`
--

CREATE TABLE IF NOT EXISTS `teacher_class` (
  `teacher_class_id` int(11) NOT NULL AUTO_INCREMENT,
  `teacher_id` int(11) NOT NULL,
  `class_id` int(11) NOT NULL,
  `subject_id` int(11) NOT NULL,
  `thumbnails` varchar(100) NOT NULL,
  `school_year` varchar(100) NOT NULL,
  PRIMARY KEY (`teacher_class_id`)
) ENGINE=InnoDB  DEFAULT CHARSET=latin1 AUTO_INCREMENT=188 ;

--
-- Dumping data for table `teacher_class`
--

INSERT INTO `teacher_class` (`teacher_class_id`, `teacher_id`, `class_id`, `subject_id`, `thumbnails`, `school_year`) VALUES
(97, 9, 7, 15, 'admin/uploads/thumbnails.jpg', '2012-2013'),
(135, 0, 22, 29, 'admin/uploads/thumbnails.jpg', '2013-2014'),
(151, 5, 7, 14, 'admin/uploads/thumbnails.jpg', '2013-2014'),
(152, 5, 8, 14, 'admin/uploads/thumbnails.jpg', '2013-2014'),
(153, 5, 13, 36, 'admin/uploads/thumbnails.jpg', '2013-2014'),
(157, 18, 15, 23, 'admin/uploads/thumbnails.jpg', '2013-2014'),
(158, 18, 16, 23, 'admin/uploads/thumbnails.jpg', '2013-2014'),
(159, 18, 12, 23, 'admin/uploads/thumbnails.jpg', '2013-2014'),
(160, 18, 7, 29, 'admin/uploads/thumbnails.jpg', '2013-2014'),
(165, 134, 15, 23, 'admin/uploads/thumbnails.jpg', '2013-2014'),
(167, 12, 13, 35, 'admin/uploads/thumbnails.jpg', '2013-2014'),
(168, 12, 14, 35, 'admin/uploads/thumbnails.jpg', '2013-2014'),
(170, 12, 16, 24, 'admin/uploads/thumbnails.jpg', '2013-2014'),
(172, 18, 13, 39, 'admin/uploads/thumbnails.jpg', '2013-2014'),
(173, 18, 14, 39, 'admin/uploads/thumbnails.jpg', '2013-2014'),
(174, 13, 12, 16, 'admin/uploads/thumbnails.jpg', '2013-2014'),
(175, 13, 13, 16, 'admin/uploads/thumbnails.jpg', '2013-2014'),
(176, 13, 14, 16, 'admin/uploads/thumbnails.jpg', '2013-2014'),
(177, 14, 12, 32, 'admin/uploads/thumbnails.jpg', '2013-2014'),
(178, 14, 13, 32, 'admin/uploads/thumbnails.jpg', '2013-2014'),
(179, 14, 14, 32, 'admin/uploads/thumbnails.jpg', '2013-2014'),
(180, 19, 13, 22, 'admin/uploads/thumbnails.jpg', '2013-2014'),
(181, 12, 20, 24, 'admin/uploads/thumbnails.jpg', '2013-2014'),
(183, 12, 18, 24, 'admin/uploads/thumbnails.jpg', '2013-2014'),
(184, 12, 17, 25, 'admin/uploads/thumbnails.jpg', '2013-2014'),
(185, 12, 7, 22, 'admin/uploads/thumbnails.jpg', '2013-2014'),
(186, 20, 24, 42, 'admin/uploads/thumbnails.jpg', '2013-2014'),
(187, 20, 25, 42, 'admin/uploads/thumbnails.jpg', '2013-2014');

-- --------------------------------------------------------

--
-- Table structure for table `teacher_class_announcements`
--

CREATE TABLE IF NOT EXISTS `teacher_class_announcements` (
  `teacher_class_announcements_id` int(11) NOT NULL AUTO_INCREMENT,
  `content` varchar(500) NOT NULL,
  `teacher_id` varchar(100) NOT NULL,
  `teacher_class_id` int(11) NOT NULL,
  `date` varchar(50) NOT NULL,
  PRIMARY KEY (`teacher_class_announcements_id`)
) ENGINE=InnoDB  DEFAULT CHARSET=latin1 AUTO_INCREMENT=39 ;

--
-- Dumping data for table `teacher_class_announcements`
--

INSERT INTO `teacher_class_announcements` (`teacher_class_announcements_id`, `content`, `teacher_id`, `teacher_class_id`, `date`) VALUES
(2, '<p><strong>Project Deadline</strong></p>\r\n\r\n<p>In December 1st week&nbsp; system must fully functioning.</p>\r\n\r\n<p><br />\r\n&nbsp;</p>\r\n', '9', 87, '2013-10-30 13:21:13'),
(21, '<p>fsaf</p>\r\n', '9', 87, '2013-10-30 14:33:21'),
(31, '<p>Hi im kevin i edit this</p>\r\n', '9', 87, '2013-10-30 15:41:56'),
(33, '<p>hello teph</p>\r\n', '9', 95, '2013-10-30 17:44:28'),
(34, '<p>hello guys</p>\r\n', '9', 95, '2013-11-02 10:51:39'),
(35, '<p>dsdasd</p>\r\n', '12', 147, '2013-11-16 13:59:33'),
(36, '<p>BSIS 1A: Submit assignment on November 20, 2013 before 5pm.</p>\r\n', '12', 154, '2013-11-18 15:29:34'),
(37, '<p>aaaaa<br />\r\n&nbsp;</p>\r\n', '12', 167, '2014-01-17 14:36:32'),
(38, '<p>wala klase<img alt="sad" src="http://localhost/lms/admin/vendors/ckeditor/plugins/smiley/images/sad_smile.gif" style="height:20px; width:20px" title="sad" /></p>\r\n', '12', 167, '2014-02-13 13:45:59');

-- --------------------------------------------------------

--
-- Table structure for table `teacher_class_student`
--

CREATE TABLE IF NOT EXISTS `teacher_class_student` (
  `teacher_class_student_id` int(11) NOT NULL AUTO_INCREMENT,
  `teacher_class_id` int(11) NOT NULL,
  `student_id` int(11) NOT NULL,
  `teacher_id` int(11) NOT NULL,
  PRIMARY KEY (`teacher_class_student_id`)
) ENGINE=InnoDB  DEFAULT CHARSET=latin1 AUTO_INCREMENT=380 ;

--
-- Dumping data for table `teacher_class_student`
--

INSERT INTO `teacher_class_student` (`teacher_class_student_id`, `teacher_class_id`, `student_id`, `teacher_id`) VALUES
(31, 165, 141, 134),
(32, 165, 134, 134),
(54, 167, 113, 12),
(55, 167, 112, 12),
(57, 167, 108, 12),
(58, 167, 105, 12),
(59, 167, 106, 12),
(60, 167, 103, 12),
(61, 167, 104, 12),
(62, 167, 100, 12),
(63, 167, 101, 12),
(64, 167, 102, 12),
(65, 167, 97, 12),
(66, 167, 98, 12),
(67, 167, 95, 12),
(68, 167, 94, 12),
(69, 167, 76, 12),
(70, 167, 107, 12),
(71, 167, 110, 12),
(72, 167, 109, 12),
(73, 167, 99, 12),
(74, 167, 96, 12),
(75, 167, 75, 12),
(76, 167, 74, 12),
(77, 167, 73, 12),
(78, 167, 72, 12),
(79, 167, 71, 12),
(80, 168, 135, 12),
(81, 168, 140, 12),
(82, 168, 162, 12),
(83, 168, 164, 12),
(84, 168, 165, 12),
(85, 168, 166, 12),
(86, 168, 167, 12),
(87, 168, 168, 12),
(88, 168, 169, 12),
(89, 168, 172, 12),
(90, 168, 171, 12),
(91, 168, 173, 12),
(92, 168, 174, 12),
(93, 168, 175, 12),
(94, 168, 176, 12),
(95, 168, 177, 12),
(96, 168, 178, 12),
(97, 168, 179, 12),
(98, 168, 180, 12),
(99, 168, 181, 12),
(100, 168, 182, 12),
(101, 168, 183, 12),
(102, 168, 206, 12),
(103, 168, 207, 12),
(127, 172, 113, 18),
(128, 172, 112, 18),
(129, 172, 111, 18),
(130, 172, 108, 18),
(131, 172, 105, 18),
(132, 172, 106, 18),
(133, 172, 103, 18),
(134, 172, 104, 18),
(135, 172, 100, 18),
(136, 172, 101, 18),
(137, 172, 102, 18),
(138, 172, 97, 18),
(139, 172, 98, 18),
(140, 172, 95, 18),
(141, 172, 94, 18),
(142, 172, 76, 18),
(143, 172, 107, 18),
(144, 172, 110, 18),
(145, 172, 109, 18),
(146, 172, 99, 18),
(147, 172, 96, 18),
(148, 172, 75, 18),
(149, 172, 74, 18),
(150, 172, 73, 18),
(151, 172, 72, 18),
(152, 172, 71, 18),
(153, 173, 135, 18),
(154, 173, 140, 18),
(155, 173, 162, 18),
(156, 173, 164, 18),
(157, 173, 165, 18),
(158, 173, 166, 18),
(159, 173, 167, 18),
(160, 173, 168, 18),
(161, 173, 169, 18),
(162, 173, 172, 18),
(163, 173, 171, 18),
(164, 173, 173, 18),
(165, 173, 174, 18),
(166, 173, 175, 18),
(167, 173, 176, 18),
(168, 173, 177, 18),
(169, 173, 178, 18),
(170, 173, 179, 18),
(171, 173, 180, 18),
(172, 173, 181, 18),
(173, 173, 182, 18),
(174, 173, 183, 18),
(175, 173, 206, 18),
(176, 173, 207, 18),
(177, 174, 134, 13),
(178, 174, 142, 13),
(179, 174, 143, 13),
(180, 174, 144, 13),
(181, 174, 145, 13),
(182, 174, 146, 13),
(183, 174, 147, 13),
(184, 174, 148, 13),
(185, 174, 149, 13),
(186, 174, 150, 13),
(187, 174, 151, 13),
(188, 174, 152, 13),
(189, 174, 153, 13),
(190, 174, 154, 13),
(191, 174, 155, 13),
(192, 174, 156, 13),
(193, 174, 157, 13),
(194, 174, 158, 13),
(195, 174, 159, 13),
(196, 175, 113, 13),
(197, 175, 112, 13),
(198, 175, 111, 13),
(199, 175, 108, 13),
(200, 175, 105, 13),
(201, 175, 106, 13),
(202, 175, 103, 13),
(203, 175, 104, 13),
(204, 175, 100, 13),
(205, 175, 101, 13),
(206, 175, 102, 13),
(207, 175, 97, 13),
(208, 175, 98, 13),
(209, 175, 95, 13),
(210, 175, 94, 13),
(211, 175, 76, 13),
(212, 175, 107, 13),
(213, 175, 110, 13),
(214, 175, 109, 13),
(215, 175, 99, 13),
(216, 175, 96, 13),
(217, 175, 75, 13),
(218, 175, 74, 13),
(219, 175, 73, 13),
(220, 175, 72, 13),
(221, 175, 71, 13),
(222, 176, 135, 13),
(223, 176, 140, 13),
(224, 176, 162, 13),
(225, 176, 164, 13),
(226, 176, 165, 13),
(227, 176, 166, 13),
(228, 176, 167, 13),
(229, 176, 168, 13),
(230, 176, 169, 13),
(231, 176, 172, 13),
(232, 176, 171, 13),
(233, 176, 173, 13),
(234, 176, 174, 13),
(235, 176, 175, 13),
(236, 176, 176, 13),
(237, 176, 177, 13),
(238, 176, 178, 13),
(239, 176, 179, 13),
(240, 176, 180, 13),
(241, 176, 181, 13),
(242, 176, 182, 13),
(243, 176, 183, 13),
(244, 176, 206, 13),
(245, 176, 207, 13),
(246, 177, 134, 14),
(247, 177, 142, 14),
(248, 177, 143, 14),
(249, 177, 144, 14),
(250, 177, 145, 14),
(251, 177, 146, 14),
(252, 177, 147, 14),
(253, 177, 148, 14),
(254, 177, 149, 14),
(255, 177, 150, 14),
(256, 177, 151, 14),
(257, 177, 152, 14),
(258, 177, 153, 14),
(259, 177, 154, 14),
(260, 177, 155, 14),
(261, 177, 156, 14),
(262, 177, 157, 14),
(263, 177, 158, 14),
(264, 177, 159, 14),
(265, 178, 113, 14),
(266, 178, 112, 14),
(267, 178, 111, 14),
(268, 178, 108, 14),
(269, 178, 105, 14),
(270, 178, 106, 14),
(271, 178, 103, 14),
(272, 178, 104, 14),
(273, 178, 100, 14),
(274, 178, 101, 14),
(275, 178, 102, 14),
(276, 178, 97, 14),
(277, 178, 98, 14),
(278, 178, 95, 14),
(279, 178, 94, 14),
(280, 178, 76, 14),
(281, 178, 107, 14),
(282, 178, 110, 14),
(283, 178, 109, 14),
(284, 178, 99, 14),
(285, 178, 96, 14),
(286, 178, 75, 14),
(287, 178, 74, 14),
(288, 178, 73, 14),
(289, 178, 72, 14),
(290, 178, 71, 14),
(291, 179, 135, 14),
(292, 179, 140, 14),
(293, 179, 162, 14),
(294, 179, 164, 14),
(295, 179, 165, 14),
(296, 179, 166, 14),
(297, 179, 167, 14),
(298, 179, 168, 14),
(299, 179, 169, 14),
(300, 179, 172, 14),
(301, 179, 171, 14),
(302, 179, 173, 14),
(303, 179, 174, 14),
(304, 179, 175, 14),
(305, 179, 176, 14),
(306, 179, 177, 14),
(307, 179, 178, 14),
(308, 179, 179, 14),
(309, 179, 180, 14),
(310, 179, 181, 14),
(311, 179, 182, 14),
(312, 179, 183, 14),
(313, 179, 206, 14),
(314, 179, 207, 14),
(315, 180, 113, 19),
(316, 180, 112, 19),
(317, 180, 111, 19),
(318, 180, 108, 19),
(319, 180, 105, 19),
(320, 180, 106, 19),
(321, 180, 103, 19),
(322, 180, 104, 19),
(323, 180, 100, 19),
(324, 180, 101, 19),
(325, 180, 102, 19),
(326, 180, 97, 19),
(327, 180, 98, 19),
(328, 180, 95, 19),
(329, 180, 94, 19),
(330, 180, 76, 19),
(331, 180, 107, 19),
(332, 180, 110, 19),
(333, 180, 109, 19),
(334, 180, 99, 19),
(335, 180, 96, 19),
(336, 180, 75, 19),
(337, 180, 74, 19),
(338, 180, 73, 19),
(339, 180, 72, 19),
(340, 180, 71, 19),
(341, 181, 209, 12),
(342, 181, 210, 12),
(345, 183, 213, 12),
(346, 183, 214, 12),
(347, 183, 215, 12),
(348, 183, 216, 12),
(349, 184, 184, 12),
(350, 184, 185, 12),
(351, 184, 186, 12),
(352, 184, 187, 12),
(353, 184, 188, 12),
(354, 184, 189, 12),
(355, 184, 190, 12),
(356, 184, 191, 12),
(358, 184, 193, 12),
(359, 184, 194, 12),
(360, 184, 195, 12),
(361, 184, 196, 12),
(362, 184, 197, 12),
(363, 184, 198, 12),
(364, 184, 199, 12),
(365, 184, 200, 12),
(366, 184, 201, 12),
(367, 184, 202, 12),
(368, 184, 203, 12),
(369, 184, 204, 12),
(370, 184, 205, 12),
(371, 184, 217, 12),
(372, 184, 192, 12),
(373, 185, 93, 12),
(374, 185, 136, 12),
(375, 185, 138, 12),
(376, 185, 139, 12),
(377, 185, 211, 12),
(378, 186, 219, 20),
(379, 187, 220, 20);

-- --------------------------------------------------------

--
-- Table structure for table `teacher_notification`
--

CREATE TABLE IF NOT EXISTS `teacher_notification` (
  `teacher_notification_id` int(11) NOT NULL AUTO_INCREMENT,
  `teacher_class_id` int(11) NOT NULL,
  `notification` varchar(100) NOT NULL,
  `date_of_notification` varchar(100) NOT NULL,
  `link` varchar(100) NOT NULL,
  `student_id` int(11) NOT NULL,
  `assignment_id` int(11) NOT NULL,
  PRIMARY KEY (`teacher_notification_id`)
) ENGINE=InnoDB  DEFAULT CHARSET=latin1 AUTO_INCREMENT=18 ;

--
-- Dumping data for table `teacher_notification`
--

INSERT INTO `teacher_notification` (`teacher_notification_id`, `teacher_class_id`, `notification`, `date_of_notification`, `link`, `student_id`, `assignment_id`) VALUES
(15, 160, 'Submit Assignment file name <b>my_assginment</b>', '2013-11-25 10:39:52', 'view_submit_assignment.php', 93, 16),
(17, 161, 'Submit Assignment file name <b>q</b>', '2013-11-25 15:54:19', 'view_submit_assignment.php', 71, 17);

-- --------------------------------------------------------

--
-- Table structure for table `teacher_shared`
--

CREATE TABLE IF NOT EXISTS `teacher_shared` (
  `teacher_shared_id` int(11) NOT NULL AUTO_INCREMENT,
  `teacher_id` int(11) NOT NULL,
  `shared_teacher_id` int(11) NOT NULL,
  `floc` varchar(100) NOT NULL,
  `fdatein` varchar(100) NOT NULL,
  `fdesc` varchar(100) NOT NULL,
  `fname` varchar(100) NOT NULL,
  PRIMARY KEY (`teacher_shared_id`)
) ENGINE=InnoDB  DEFAULT CHARSET=latin1 AUTO_INCREMENT=2 ;

--
-- Dumping data for table `teacher_shared`
--

INSERT INTO `teacher_shared` (`teacher_shared_id`, `teacher_id`, `shared_teacher_id`, `floc`, `fdatein`, `fdesc`, `fname`) VALUES
(1, 12, 14, 'admin/uploads/7939_File_449E26DB.jpg', '2014-02-20 09:55:32', 'sas', 'sss');

-- --------------------------------------------------------

--
-- Table structure for table `users`
--

CREATE TABLE IF NOT EXISTS `users` (
  `user_id` int(11) NOT NULL AUTO_INCREMENT,
  `username` varchar(100) NOT NULL,
  `password` varchar(100) NOT NULL,
  `firstname` varchar(100) NOT NULL,
  `lastname` varchar(100) NOT NULL,
  PRIMARY KEY (`user_id`)
) ENGINE=InnoDB  DEFAULT CHARSET=latin1 AUTO_INCREMENT=16 ;

--
-- Dumping data for table `users`
--

INSERT INTO `users` (`user_id`, `username`, `password`, `firstname`, `lastname`) VALUES
(15, 'admin', 'admin', 'admin', 'admin');

-- --------------------------------------------------------

--
-- Table structure for table `user_log`
--

CREATE TABLE IF NOT EXISTS `user_log` (
  `user_log_id` int(11) NOT NULL AUTO_INCREMENT,
  `username` varchar(25) NOT NULL,
  `login_date` varchar(30) NOT NULL,
  `logout_date` varchar(30) NOT NULL,
  `user_id` int(11) NOT NULL,
  PRIMARY KEY (`user_log_id`)
) ENGINE=InnoDB  DEFAULT CHARSET=latin1 AUTO_INCREMENT=90 ;

/*!40101 SET CHARACTER_SET_CLIENT=@OLD_CHARACTER_SET_CLIENT */;
/*!40101 SET CHARACTER_SET_RESULTS=@OLD_CHARACTER_SET_RESULTS */;
/*!40101 SET COLLATION_CONNECTION=@OLD_COLLATION_CONNECTION */;
